270 stage-2 replicates
/usr/local/lib/python3.11/dist-packages/sklearn/gaussian_process/kernels.py:440: ConvergenceWarning: The optimal value found for dimension 0 of parameter k1__k1__constant_value is close to the specified lower bound 1e-08. Decreasing the bound and calling fit again may find a better value.
  warnings.warn(
/usr/local/lib/python3.11/dist-packages/sklearn/gaussian_process/kernels.py:440: ConvergenceWarning: The optimal value found for dimension 0 of parameter k2__noise_level is close to the specified lower bound 1e-08. Decreasing the bound and calling fit again may find a better value.
  warnings.warn(
/usr/local/lib/python3.11/dist-packages/sklearn/gaussian_process/kernels.py:440: ConvergenceWarning: The optimal value found for dimension 0 of parameter k1__k1__constant_value is close to the specified lower bound 1e-08. Decreasing the bound and calling fit again may find a better value.
  warnings.warn(
/usr/local/lib/python3.11/dist-packages/sklearn/gaussian_process/kernels.py:440: ConvergenceWarning: The optimal value found for dimension 0 of parameter k1__k2__length_scale is close to the specified lower bound 5.0. Decreasing the bound and calling fit again may find a better value.
  warnings.warn(
/usr/local/lib/python3.11/dist-packages/sklearn/gaussian_process/kernels.py:440: ConvergenceWarning: The optimal value found for dimension 0 of parameter k1__k2__length_scale is close to the specified lower bound 5.0. Decreasing the bound and calling fit again may find a better value.
  warnings.warn(
/usr/local/lib/python3.11/dist-packages/sklearn/gaussian_process/kernels.py:440: ConvergenceWarning: The optimal value found for dimension 0 of parameter k1__k1__constant_value is close to the specified lower bound 1e-08. Decreasing the bound and calling fit again may find a better value.
  warnings.warn(
/usr/local/lib/python3.11/dist-packages/sklearn/gaussian_process/kernels.py:440: ConvergenceWarning: The optimal value found for dimension 0 of parameter k1__k2__length_scale is close to the specified lower bound 5.0. Decreasing the bound and calling fit again may find a better value.
  warnings.warn(
/usr/local/lib/python3.11/dist-packages/sklearn/gaussian_process/kernels.py:440: ConvergenceWarning: The optimal value found for dimension 0 of parameter k1__k1__constant_value is close to the specified lower bound 1e-08. Decreasing the bound and calling fit again may find a better value.
  warnings.warn(
/usr/local/lib/python3.11/dist-packages/sklearn/gaussian_process/kernels.py:440: ConvergenceWarning: The optimal value found for dimension 0 of parameter k1__k2__length_scale is close to the specified lower bound 5.0. Decreasing the bound and calling fit again may find a better value.
  warnings.warn(
/usr/local/lib/python3.11/dist-packages/sklearn/gaussian_process/kernels.py:440: ConvergenceWarning: The optimal value found for dimension 0 of parameter k1__k1__constant_value is close to the specified lower bound 1e-08. Decreasing the bound and calling fit again may find a better value.
  warnings.warn(
/usr/local/lib/python3.11/dist-packages/sklearn/gaussian_process/kernels.py:440: ConvergenceWarning: The optimal value found for dimension 0 of parameter k1__k2__length_scale is close to the specified lower bound 5.0. Decreasing the bound and calling fit again may find a better value.
  warnings.warn(
/usr/local/lib/python3.11/dist-packages/sklearn/gaussian_process/kernels.py:440: ConvergenceWarning: The optimal value found for dimension 0 of parameter k1__k1__constant_value is close to the specified lower bound 1e-08. Decreasing the bound and calling fit again may find a better value.
  warnings.warn(
/usr/local/lib/python3.11/dist-packages/sklearn/gaussian_process/kernels.py:440: ConvergenceWarning: The optimal value found for dimension 0 of parameter k1__k2__length_scale is close to the specified lower bound 5.0. Decreasing the bound and calling fit again may find a better value.
  warnings.warn(
/usr/local/lib/python3.11/dist-packages/sklearn/gaussian_process/kernels.py:440: ConvergenceWarning: The optimal value found for dimension 0 of parameter k1__k1__constant_value is close to the specified lower bound 1e-08. Decreasing the bound and calling fit again may find a better value.
  warnings.warn(
/usr/local/lib/python3.11/dist-packages/sklearn/gaussian_process/kernels.py:440: ConvergenceWarning: The optimal value found for dimension 0 of parameter k1__k2__length_scale is close to the specified lower bound 5.0. Decreasing the bound and calling fit again may find a better value.
  warnings.warn(
/usr/local/lib/python3.11/dist-packages/sklearn/gaussian_process/kernels.py:440: ConvergenceWarning: The optimal value found for dimension 0 of parameter k1__k1__constant_value is close to the specified lower bound 1e-08. Decreasing the bound and calling fit again may find a better value.
  warnings.warn(
/usr/local/lib/python3.11/dist-packages/sklearn/gaussian_process/kernels.py:440: ConvergenceWarning: The optimal value found for dimension 0 of parameter k1__k2__length_scale is close to the specified lower bound 5.0. Decreasing the bound and calling fit again may find a better value.
  warnings.warn(
/usr/local/lib/python3.11/dist-packages/sklearn/gaussian_process/kernels.py:440: ConvergenceWarning: The optimal value found for dimension 0 of parameter k1__k1__constant_value is close to the specified lower bound 1e-08. Decreasing the bound and calling fit again may find a better value.
  warnings.warn(
/usr/local/lib/python3.11/dist-packages/sklearn/gaussian_process/kernels.py:440: ConvergenceWarning: The optimal value found for dimension 0 of parameter k1__k2__length_scale is close to the specified lower bound 5.0. Decreasing the bound and calling fit again may find a better value.
  warnings.warn(
/usr/local/lib/python3.11/dist-packages/sklearn/gaussian_process/kernels.py:440: ConvergenceWarning: The optimal value found for dimension 0 of parameter k2__noise_level is close to the specified lower bound 1e-08. Decreasing the bound and calling fit again may find a better value.
  warnings.warn(
/usr/local/lib/python3.11/dist-packages/sklearn/gaussian_process/kernels.py:440: ConvergenceWarning: The optimal value found for dimension 0 of parameter k2__noise_level is close to the specified lower bound 1e-08. Decreasing the bound and calling fit again may find a better value.
  warnings.warn(
/usr/local/lib/python3.11/dist-packages/sklearn/gaussian_process/kernels.py:440: ConvergenceWarning: The optimal value found for dimension 0 of parameter k1__k1__constant_value is close to the specified lower bound 1e-08. Decreasing the bound and calling fit again may find a better value.
  warnings.warn(
/usr/local/lib/python3.11/dist-packages/sklearn/gaussian_process/kernels.py:440: ConvergenceWarning: The optimal value found for dimension 0 of parameter k1__k2__length_scale is close to the specified lower bound 5.0. Decreasing the bound and calling fit again may find a better value.
  warnings.warn(
/usr/local/lib/python3.11/dist-packages/sklearn/gaussian_process/kernels.py:440: ConvergenceWarning: The optimal value found for dimension 0 of parameter k1__k1__constant_value is close to the specified lower bound 1e-08. Decreasing the bound and calling fit again may find a better value.
  warnings.warn(
/usr/local/lib/python3.11/dist-packages/sklearn/gaussian_process/kernels.py:440: ConvergenceWarning: The optimal value found for dimension 0 of parameter k1__k2__length_scale is close to the specified lower bound 5.0. Decreasing the bound and calling fit again may find a better value.
  warnings.warn(
/usr/local/lib/python3.11/dist-packages/sklearn/gaussian_process/kernels.py:440: ConvergenceWarning: The optimal value found for dimension 0 of parameter k1__k1__constant_value is close to the specified lower bound 1e-08. Decreasing the bound and calling fit again may find a better value.
  warnings.warn(
/usr/local/lib/python3.11/dist-packages/sklearn/gaussian_process/kernels.py:440: ConvergenceWarning: The optimal value found for dimension 0 of parameter k1__k2__length_scale is close to the specified lower bound 5.0. Decreasing the bound and calling fit again may find a better value.
  warnings.warn(
/usr/local/lib/python3.11/dist-packages/sklearn/gaussian_process/kernels.py:440: ConvergenceWarning: The optimal value found for dimension 0 of parameter k1__k1__constant_value is close to the specified lower bound 1e-08. Decreasing the bound and calling fit again may find a better value.
  warnings.warn(
/usr/local/lib/python3.11/dist-packages/sklearn/gaussian_process/kernels.py:440: ConvergenceWarning: The optimal value found for dimension 0 of parameter k1__k2__length_scale is close to the specified lower bound 5.0. Decreasing the bound and calling fit again may find a better value.
  warnings.warn(
/usr/local/lib/python3.11/dist-packages/sklearn/gaussian_process/kernels.py:440: ConvergenceWarning: The optimal value found for dimension 0 of parameter k2__noise_level is close to the specified lower bound 1e-08. Decreasing the bound and calling fit again may find a better value.
  warnings.warn(
/usr/local/lib/python3.11/dist-packages/sklearn/gaussian_process/kernels.py:440: ConvergenceWarning: The optimal value found for dimension 0 of parameter k1__k1__constant_value is close to the specified lower bound 1e-08. Decreasing the bound and calling fit again may find a better value.
  warnings.warn(
/usr/local/lib/python3.11/dist-packages/sklearn/gaussian_process/kernels.py:440: ConvergenceWarning: The optimal value found for dimension 0 of parameter k1__k2__length_scale is close to the specified lower bound 5.0. Decreasing the bound and calling fit again may find a better value.
  warnings.warn(
/usr/local/lib/python3.11/dist-packages/sklearn/gaussian_process/kernels.py:440: ConvergenceWarning: The optimal value found for dimension 0 of parameter k1__k1__constant_value is close to the specified lower bound 1e-08. Decreasing the bound and calling fit again may find a better value.
  warnings.warn(
/usr/local/lib/python3.11/dist-packages/sklearn/gaussian_process/kernels.py:440: ConvergenceWarning: The optimal value found for dimension 0 of parameter k1__k2__length_scale is close to the specified lower bound 5.0. Decreasing the bound and calling fit again may find a better value.
  warnings.warn(
/usr/local/lib/python3.11/dist-packages/sklearn/gaussian_process/kernels.py:440: ConvergenceWarning: The optimal value found for dimension 0 of parameter k1__k1__constant_value is close to the specified lower bound 1e-08. Decreasing the bound and calling fit again may find a better value.
  warnings.warn(
/usr/local/lib/python3.11/dist-packages/sklearn/gaussian_process/kernels.py:440: ConvergenceWarning: The optimal value found for dimension 0 of parameter k1__k2__length_scale is close to the specified lower bound 5.0. Decreasing the bound and calling fit again may find a better value.
  warnings.warn(
/usr/local/lib/python3.11/dist-packages/sklearn/gaussian_process/kernels.py:440: ConvergenceWarning: The optimal value found for dimension 0 of parameter k1__k1__constant_value is close to the specified lower bound 1e-08. Decreasing the bound and calling fit again may find a better value.
  warnings.warn(
/usr/local/lib/python3.11/dist-packages/sklearn/gaussian_process/kernels.py:440: ConvergenceWarning: The optimal value found for dimension 0 of parameter k1__k2__length_scale is close to the specified lower bound 5.0. Decreasing the bound and calling fit again may find a better value.
  warnings.warn(
/usr/local/lib/python3.11/dist-packages/sklearn/gaussian_process/kernels.py:440: ConvergenceWarning: The optimal value found for dimension 0 of parameter k1__k1__constant_value is close to the specified lower bound 1e-08. Decreasing the bound and calling fit again may find a better value.
  warnings.warn(
30 done 606s
/usr/local/lib/python3.11/dist-packages/sklearn/gaussian_process/kernels.py:440: ConvergenceWarning: The optimal value found for dimension 0 of parameter k2__noise_level is close to the specified lower bound 1e-08. Decreasing the bound and calling fit again may find a better value.
  warnings.warn(
/usr/local/lib/python3.11/dist-packages/sklearn/gaussian_process/kernels.py:440: ConvergenceWarning: The optimal value found for dimension 0 of parameter k1__k1__constant_value is close to the specified lower bound 1e-08. Decreasing the bound and calling fit again may find a better value.
  warnings.warn(
/usr/local/lib/python3.11/dist-packages/sklearn/gaussian_process/kernels.py:440: ConvergenceWarning: The optimal value found for dimension 0 of parameter k1__k2__length_scale is close to the specified lower bound 5.0. Decreasing the bound and calling fit again may find a better value.
  warnings.warn(
/usr/local/lib/python3.11/dist-packages/sklearn/gaussian_process/kernels.py:440: ConvergenceWarning: The optimal value found for dimension 0 of parameter k1__k1__constant_value is close to the specified lower bound 1e-08. Decreasing the bound and calling fit again may find a better value.
  warnings.warn(
/usr/local/lib/python3.11/dist-packages/sklearn/gaussian_process/kernels.py:440: ConvergenceWarning: The optimal value found for dimension 0 of parameter k1__k2__length_scale is close to the specified lower bound 5.0. Decreasing the bound and calling fit again may find a better value.
  warnings.warn(
/usr/local/lib/python3.11/dist-packages/sklearn/gaussian_process/kernels.py:440: ConvergenceWarning: The optimal value found for dimension 0 of parameter k1__k1__constant_value is close to the specified lower bound 1e-08. Decreasing the bound and calling fit again may find a better value.
  warnings.warn(
/usr/local/lib/python3.11/dist-packages/sklearn/gaussian_process/kernels.py:440: ConvergenceWarning: The optimal value found for dimension 0 of parameter k1__k2__length_scale is close to the specified lower bound 5.0. Decreasing the bound and calling fit again may find a better value.
  warnings.warn(
/usr/local/lib/python3.11/dist-packages/sklearn/gaussian_process/kernels.py:440: ConvergenceWarning: The optimal value found for dimension 0 of parameter k1__k1__constant_value is close to the specified lower bound 1e-08. Decreasing the bound and calling fit again may find a better value.
  warnings.warn(
/usr/local/lib/python3.11/dist-packages/sklearn/gaussian_process/kernels.py:440: ConvergenceWarning: The optimal value found for dimension 0 of parameter k1__k2__length_scale is close to the specified lower bound 5.0. Decreasing the bound and calling fit again may find a better value.
  warnings.warn(
/usr/local/lib/python3.11/dist-packages/sklearn/gaussian_process/kernels.py:440: ConvergenceWarning: The optimal value found for dimension 0 of parameter k1__k1__constant_value is close to the specified lower bound 1e-08. Decreasing the bound and calling fit again may find a better value.
  warnings.warn(
/usr/local/lib/python3.11/dist-packages/sklearn/gaussian_process/kernels.py:440: ConvergenceWarning: The optimal value found for dimension 0 of parameter k1__k2__length_scale is close to the specified lower bound 5.0. Decreasing the bound and calling fit again may find a better value.
  warnings.warn(
/usr/local/lib/python3.11/dist-packages/sklearn/gaussian_process/kernels.py:440: ConvergenceWarning: The optimal value found for dimension 0 of parameter k1__k1__constant_value is close to the specified lower bound 1e-08. Decreasing the bound and calling fit again may find a better value.
  warnings.warn(
/usr/local/lib/python3.11/dist-packages/sklearn/gaussian_process/kernels.py:440: ConvergenceWarning: The optimal value found for dimension 0 of parameter k1__k2__length_scale is close to the specified lower bound 5.0. Decreasing the bound and calling fit again may find a better value.
  warnings.warn(
/usr/local/lib/python3.11/dist-packages/sklearn/gaussian_process/kernels.py:440: ConvergenceWarning: The optimal value found for dimension 0 of parameter k2__noise_level is close to the specified lower bound 1e-08. Decreasing the bound and calling fit again may find a better value.
  warnings.warn(
/usr/local/lib/python3.11/dist-packages/sklearn/gaussian_process/kernels.py:440: ConvergenceWarning: The optimal value found for dimension 0 of parameter k1__k1__constant_value is close to the specified lower bound 1e-08. Decreasing the bound and calling fit again may find a better value.
  warnings.warn(
/usr/local/lib/python3.11/dist-packages/sklearn/gaussian_process/kernels.py:440: ConvergenceWarning: The optimal value found for dimension 0 of parameter k1__k2__length_scale is close to the specified lower bound 5.0. Decreasing the bound and calling fit again may find a better value.
  warnings.warn(
/usr/local/lib/python3.11/dist-packages/sklearn/gaussian_process/kernels.py:440: ConvergenceWarning: The optimal value found for dimension 0 of parameter k1__k1__constant_value is close to the specified lower bound 1e-08. Decreasing the bound and calling fit again may find a better value.
  warnings.warn(
/usr/local/lib/python3.11/dist-packages/sklearn/gaussian_process/kernels.py:440: ConvergenceWarning: The optimal value found for dimension 0 of parameter k1__k1__constant_value is close to the specified lower bound 1e-08. Decreasing the bound and calling fit again may find a better value.
  warnings.warn(
/usr/local/lib/python3.11/dist-packages/sklearn/gaussian_process/kernels.py:440: ConvergenceWarning: The optimal value found for dimension 0 of parameter k1__k2__length_scale is close to the specified lower bound 5.0. Decreasing the bound and calling fit again may find a better value.
  warnings.warn(
/usr/local/lib/python3.11/dist-packages/sklearn/gaussian_process/kernels.py:440: ConvergenceWarning: The optimal value found for dimension 0 of parameter k1__k1__constant_value is close to the specified lower bound 1e-08. Decreasing the bound and calling fit again may find a better value.
  warnings.warn(
/usr/local/lib/python3.11/dist-packages/sklearn/gaussian_process/kernels.py:440: ConvergenceWarning: The optimal value found for dimension 0 of parameter k1__k1__constant_value is close to the specified lower bound 1e-08. Decreasing the bound and calling fit again may find a better value.
  warnings.warn(
/usr/local/lib/python3.11/dist-packages/sklearn/gaussian_process/kernels.py:440: ConvergenceWarning: The optimal value found for dimension 0 of parameter k1__k1__constant_value is close to the specified lower bound 1e-08. Decreasing the bound and calling fit again may find a better value.
  warnings.warn(
/usr/local/lib/python3.11/dist-packages/sklearn/gaussian_process/kernels.py:440: ConvergenceWarning: The optimal value found for dimension 0 of parameter k1__k1__constant_value is close to the specified lower bound 1e-08. Decreasing the bound and calling fit again may find a better value.
  warnings.warn(
/usr/local/lib/python3.11/dist-packages/sklearn/gaussian_process/kernels.py:440: ConvergenceWarning: The optimal value found for dimension 0 of parameter k1__k1__constant_value is close to the specified lower bound 1e-08. Decreasing the bound and calling fit again may find a better value.
  warnings.warn(
/usr/local/lib/python3.11/dist-packages/sklearn/gaussian_process/kernels.py:440: ConvergenceWarning: The optimal value found for dimension 0 of parameter k1__k2__length_scale is close to the specified lower bound 5.0. Decreasing the bound and calling fit again may find a better value.
  warnings.warn(
/usr/local/lib/python3.11/dist-packages/sklearn/gaussian_process/kernels.py:440: ConvergenceWarning: The optimal value found for dimension 0 of parameter k1__k1__constant_value is close to the specified lower bound 1e-08. Decreasing the bound and calling fit again may find a better value.
  warnings.warn(
/usr/local/lib/python3.11/dist-packages/sklearn/gaussian_process/kernels.py:440: ConvergenceWarning: The optimal value found for dimension 0 of parameter k1__k2__length_scale is close to the specified lower bound 5.0. Decreasing the bound and calling fit again may find a better value.
  warnings.warn(
/usr/local/lib/python3.11/dist-packages/sklearn/gaussian_process/kernels.py:440: ConvergenceWarning: The optimal value found for dimension 0 of parameter k1__k1__constant_value is close to the specified lower bound 1e-08. Decreasing the bound and calling fit again may find a better value.
  warnings.warn(
/usr/local/lib/python3.11/dist-packages/sklearn/gaussian_process/kernels.py:450: ConvergenceWarning: The optimal value found for dimension 0 of parameter k1__k2__length_scale is close to the specified upper bound 500.0. Increasing the bound and calling fit again may find a better value.
  warnings.warn(
/usr/local/lib/python3.11/dist-packages/sklearn/gaussian_process/kernels.py:440: ConvergenceWarning: The optimal value found for dimension 0 of parameter k2__noise_level is close to the specified lower bound 1e-08. Decreasing the bound and calling fit again may find a better value.
  warnings.warn(
/usr/local/lib/python3.11/dist-packages/sklearn/gaussian_process/kernels.py:440: ConvergenceWarning: The optimal value found for dimension 0 of parameter k2__noise_level is close to the specified lower bound 1e-08. Decreasing the bound and calling fit again may find a better value.
  warnings.warn(
/usr/local/lib/python3.11/dist-packages/sklearn/gaussian_process/kernels.py:440: ConvergenceWarning: The optimal value found for dimension 0 of parameter k1__k1__constant_value is close to the specified lower bound 1e-08. Decreasing the bound and calling fit again may find a better value.
  warnings.warn(
/usr/local/lib/python3.11/dist-packages/sklearn/gaussian_process/kernels.py:440: ConvergenceWarning: The optimal value found for dimension 0 of parameter k1__k2__length_scale is close to the specified lower bound 5.0. Decreasing the bound and calling fit again may find a better value.
  warnings.warn(
/usr/local/lib/python3.11/dist-packages/sklearn/gaussian_process/kernels.py:440: ConvergenceWarning: The optimal value found for dimension 0 of parameter k1__k1__constant_value is close to the specified lower bound 1e-08. Decreasing the bound and calling fit again may find a better value.
  warnings.warn(
/usr/local/lib/python3.11/dist-packages/sklearn/gaussian_process/kernels.py:440: ConvergenceWarning: The optimal value found for dimension 0 of parameter k1__k2__length_scale is close to the specified lower bound 5.0. Decreasing the bound and calling fit again may find a better value.
  warnings.warn(
/usr/local/lib/python3.11/dist-packages/sklearn/gaussian_process/kernels.py:440: ConvergenceWarning: The optimal value found for dimension 0 of parameter k1__k1__constant_value is close to the specified lower bound 1e-08. Decreasing the bound and calling fit again may find a better value.
  warnings.warn(
/usr/local/lib/python3.11/dist-packages/sklearn/gaussian_process/kernels.py:440: ConvergenceWarning: The optimal value found for dimension 0 of parameter k1__k2__length_scale is close to the specified lower bound 5.0. Decreasing the bound and calling fit again may find a better value.
  warnings.warn(
/usr/local/lib/python3.11/dist-packages/sklearn/gaussian_process/kernels.py:440: ConvergenceWarning: The optimal value found for dimension 0 of parameter k1__k1__constant_value is close to the specified lower bound 1e-08. Decreasing the bound and calling fit again may find a better value.
  warnings.warn(
/usr/local/lib/python3.11/dist-packages/sklearn/gaussian_process/kernels.py:440: ConvergenceWarning: The optimal value found for dimension 0 of parameter k1__k2__length_scale is close to the specified lower bound 5.0. Decreasing the bound and calling fit again may find a better value.
  warnings.warn(
60 done 1118s
/usr/local/lib/python3.11/dist-packages/sklearn/gaussian_process/kernels.py:440: ConvergenceWarning: The optimal value found for dimension 0 of parameter k1__k1__constant_value is close to the specified lower bound 1e-08. Decreasing the bound and calling fit again may find a better value.
  warnings.warn(
/usr/local/lib/python3.11/dist-packages/sklearn/gaussian_process/kernels.py:450: ConvergenceWarning: The optimal value found for dimension 0 of parameter k1__k2__length_scale is close to the specified upper bound 500.0. Increasing the bound and calling fit again may find a better value.
  warnings.warn(
/usr/local/lib/python3.11/dist-packages/sklearn/gaussian_process/kernels.py:440: ConvergenceWarning: The optimal value found for dimension 0 of parameter k1__k1__constant_value is close to the specified lower bound 1e-08. Decreasing the bound and calling fit again may find a better value.
  warnings.warn(
/usr/local/lib/python3.11/dist-packages/sklearn/gaussian_process/kernels.py:440: ConvergenceWarning: The optimal value found for dimension 0 of parameter k1__k1__constant_value is close to the specified lower bound 1e-08. Decreasing the bound and calling fit again may find a better value.
  warnings.warn(
/usr/local/lib/python3.11/dist-packages/sklearn/gaussian_process/kernels.py:450: ConvergenceWarning: The optimal value found for dimension 0 of parameter k1__k2__length_scale is close to the specified upper bound 500.0. Increasing the bound and calling fit again may find a better value.
  warnings.warn(
/usr/local/lib/python3.11/dist-packages/sklearn/gaussian_process/kernels.py:440: ConvergenceWarning: The optimal value found for dimension 0 of parameter k1__k1__constant_value is close to the specified lower bound 1e-08. Decreasing the bound and calling fit again may find a better value.
  warnings.warn(
/usr/local/lib/python3.11/dist-packages/sklearn/gaussian_process/kernels.py:440: ConvergenceWarning: The optimal value found for dimension 0 of parameter k1__k2__length_scale is close to the specified lower bound 5.0. Decreasing the bound and calling fit again may find a better value.
  warnings.warn(
/usr/local/lib/python3.11/dist-packages/sklearn/gaussian_process/kernels.py:440: ConvergenceWarning: The optimal value found for dimension 0 of parameter k1__k1__constant_value is close to the specified lower bound 1e-08. Decreasing the bound and calling fit again may find a better value.
  warnings.warn(
/usr/local/lib/python3.11/dist-packages/sklearn/gaussian_process/kernels.py:440: ConvergenceWarning: The optimal value found for dimension 0 of parameter k1__k1__constant_value is close to the specified lower bound 1e-08. Decreasing the bound and calling fit again may find a better value.
  warnings.warn(
/usr/local/lib/python3.11/dist-packages/sklearn/gaussian_process/kernels.py:440: ConvergenceWarning: The optimal value found for dimension 0 of parameter k1__k1__constant_value is close to the specified lower bound 1e-08. Decreasing the bound and calling fit again may find a better value.
  warnings.warn(
/usr/local/lib/python3.11/dist-packages/sklearn/gaussian_process/kernels.py:440: ConvergenceWarning: The optimal value found for dimension 0 of parameter k1__k2__length_scale is close to the specified lower bound 5.0. Decreasing the bound and calling fit again may find a better value.
  warnings.warn(
/usr/local/lib/python3.11/dist-packages/sklearn/gaussian_process/kernels.py:440: ConvergenceWarning: The optimal value found for dimension 0 of parameter k1__k2__length_scale is close to the specified lower bound 5.0. Decreasing the bound and calling fit again may find a better value.
  warnings.warn(
/usr/local/lib/python3.11/dist-packages/sklearn/gaussian_process/kernels.py:440: ConvergenceWarning: The optimal value found for dimension 0 of parameter k1__k1__constant_value is close to the specified lower bound 1e-08. Decreasing the bound and calling fit again may find a better value.
  warnings.warn(
/usr/local/lib/python3.11/dist-packages/sklearn/gaussian_process/kernels.py:440: ConvergenceWarning: The optimal value found for dimension 0 of parameter k1__k2__length_scale is close to the specified lower bound 5.0. Decreasing the bound and calling fit again may find a better value.
  warnings.warn(
/usr/local/lib/python3.11/dist-packages/sklearn/gaussian_process/kernels.py:440: ConvergenceWarning: The optimal value found for dimension 0 of parameter k1__k1__constant_value is close to the specified lower bound 1e-08. Decreasing the bound and calling fit again may find a better value.
  warnings.warn(
/usr/local/lib/python3.11/dist-packages/sklearn/gaussian_process/kernels.py:440: ConvergenceWarning: The optimal value found for dimension 0 of parameter k1__k2__length_scale is close to the specified lower bound 5.0. Decreasing the bound and calling fit again may find a better value.
  warnings.warn(
/usr/local/lib/python3.11/dist-packages/sklearn/gaussian_process/kernels.py:440: ConvergenceWarning: The optimal value found for dimension 0 of parameter k1__k1__constant_value is close to the specified lower bound 1e-08. Decreasing the bound and calling fit again may find a better value.
  warnings.warn(
/usr/local/lib/python3.11/dist-packages/sklearn/gaussian_process/kernels.py:440: ConvergenceWarning: The optimal value found for dimension 0 of parameter k1__k1__constant_value is close to the specified lower bound 1e-08. Decreasing the bound and calling fit again may find a better value.
  warnings.warn(
/usr/local/lib/python3.11/dist-packages/sklearn/gaussian_process/kernels.py:440: ConvergenceWarning: The optimal value found for dimension 0 of parameter k1__k1__constant_value is close to the specified lower bound 1e-08. Decreasing the bound and calling fit again may find a better value.
  warnings.warn(
/usr/local/lib/python3.11/dist-packages/sklearn/gaussian_process/kernels.py:440: ConvergenceWarning: The optimal value found for dimension 0 of parameter k1__k2__length_scale is close to the specified lower bound 5.0. Decreasing the bound and calling fit again may find a better value.
  warnings.warn(
/usr/local/lib/python3.11/dist-packages/sklearn/gaussian_process/kernels.py:440: ConvergenceWarning: The optimal value found for dimension 0 of parameter k1__k1__constant_value is close to the specified lower bound 1e-08. Decreasing the bound and calling fit again may find a better value.
  warnings.warn(
/usr/local/lib/python3.11/dist-packages/sklearn/gaussian_process/kernels.py:440: ConvergenceWarning: The optimal value found for dimension 0 of parameter k1__k1__constant_value is close to the specified lower bound 1e-08. Decreasing the bound and calling fit again may find a better value.
  warnings.warn(
/usr/local/lib/python3.11/dist-packages/sklearn/gaussian_process/kernels.py:440: ConvergenceWarning: The optimal value found for dimension 0 of parameter k1__k1__constant_value is close to the specified lower bound 1e-08. Decreasing the bound and calling fit again may find a better value.
  warnings.warn(
/usr/local/lib/python3.11/dist-packages/sklearn/gaussian_process/kernels.py:440: ConvergenceWarning: The optimal value found for dimension 0 of parameter k1__k2__length_scale is close to the specified lower bound 5.0. Decreasing the bound and calling fit again may find a better value.
  warnings.warn(
/usr/local/lib/python3.11/dist-packages/sklearn/gaussian_process/kernels.py:440: ConvergenceWarning: The optimal value found for dimension 0 of parameter k1__k1__constant_value is close to the specified lower bound 1e-08. Decreasing the bound and calling fit again may find a better value.
  warnings.warn(
/usr/local/lib/python3.11/dist-packages/sklearn/gaussian_process/kernels.py:440: ConvergenceWarning: The optimal value found for dimension 0 of parameter k1__k1__constant_value is close to the specified lower bound 1e-08. Decreasing the bound and calling fit again may find a better value.
  warnings.warn(
/usr/local/lib/python3.11/dist-packages/sklearn/gaussian_process/kernels.py:440: ConvergenceWarning: The optimal value found for dimension 0 of parameter k1__k2__length_scale is close to the specified lower bound 5.0. Decreasing the bound and calling fit again may find a better value.
  warnings.warn(
/usr/local/lib/python3.11/dist-packages/sklearn/gaussian_process/kernels.py:440: ConvergenceWarning: The optimal value found for dimension 0 of parameter k1__k1__constant_value is close to the specified lower bound 1e-08. Decreasing the bound and calling fit again may find a better value.
  warnings.warn(
/usr/local/lib/python3.11/dist-packages/sklearn/gaussian_process/kernels.py:440: ConvergenceWarning: The optimal value found for dimension 0 of parameter k1__k1__constant_value is close to the specified lower bound 1e-08. Decreasing the bound and calling fit again may find a better value.
  warnings.warn(
/usr/local/lib/python3.11/dist-packages/sklearn/gaussian_process/kernels.py:440: ConvergenceWarning: The optimal value found for dimension 0 of parameter k1__k1__constant_value is close to the specified lower bound 1e-08. Decreasing the bound and calling fit again may find a better value.
  warnings.warn(
/usr/local/lib/python3.11/dist-packages/sklearn/gaussian_process/kernels.py:440: ConvergenceWarning: The optimal value found for dimension 0 of parameter k1__k2__length_scale is close to the specified lower bound 5.0. Decreasing the bound and calling fit again may find a better value.
  warnings.warn(
/usr/local/lib/python3.11/dist-packages/sklearn/gaussian_process/kernels.py:440: ConvergenceWarning: The optimal value found for dimension 0 of parameter k1__k2__length_scale is close to the specified lower bound 5.0. Decreasing the bound and calling fit again may find a better value.
  warnings.warn(
/usr/local/lib/python3.11/dist-packages/sklearn/gaussian_process/kernels.py:440: ConvergenceWarning: The optimal value found for dimension 0 of parameter k1__k1__constant_value is close to the specified lower bound 1e-08. Decreasing the bound and calling fit again may find a better value.
  warnings.warn(
/usr/local/lib/python3.11/dist-packages/sklearn/gaussian_process/kernels.py:440: ConvergenceWarning: The optimal value found for dimension 0 of parameter k1__k1__constant_value is close to the specified lower bound 1e-08. Decreasing the bound and calling fit again may find a better value.
  warnings.warn(
/usr/local/lib/python3.11/dist-packages/sklearn/gaussian_process/kernels.py:440: ConvergenceWarning: The optimal value found for dimension 0 of parameter k1__k2__length_scale is close to the specified lower bound 5.0. Decreasing the bound and calling fit again may find a better value.
  warnings.warn(
/usr/local/lib/python3.11/dist-packages/sklearn/gaussian_process/kernels.py:440: ConvergenceWarning: The optimal value found for dimension 0 of parameter k1__k1__constant_value is close to the specified lower bound 1e-08. Decreasing the bound and calling fit again may find a better value.
  warnings.warn(
/usr/local/lib/python3.11/dist-packages/sklearn/gaussian_process/kernels.py:450: ConvergenceWarning: The optimal value found for dimension 0 of parameter k1__k2__length_scale is close to the specified upper bound 500.0. Increasing the bound and calling fit again may find a better value.
  warnings.warn(
/usr/local/lib/python3.11/dist-packages/sklearn/gaussian_process/kernels.py:440: ConvergenceWarning: The optimal value found for dimension 0 of parameter k1__k2__length_scale is close to the specified lower bound 5.0. Decreasing the bound and calling fit again may find a better value.
  warnings.warn(
90 done 1634s
/usr/local/lib/python3.11/dist-packages/sklearn/gaussian_process/kernels.py:440: ConvergenceWarning: The optimal value found for dimension 0 of parameter k1__k1__constant_value is close to the specified lower bound 1e-08. Decreasing the bound and calling fit again may find a better value.
  warnings.warn(
/usr/local/lib/python3.11/dist-packages/sklearn/gaussian_process/kernels.py:440: ConvergenceWarning: The optimal value found for dimension 0 of parameter k1__k1__constant_value is close to the specified lower bound 1e-08. Decreasing the bound and calling fit again may find a better value.
  warnings.warn(
/usr/local/lib/python3.11/dist-packages/sklearn/gaussian_process/kernels.py:440: ConvergenceWarning: The optimal value found for dimension 0 of parameter k1__k2__length_scale is close to the specified lower bound 5.0. Decreasing the bound and calling fit again may find a better value.
  warnings.warn(
/usr/local/lib/python3.11/dist-packages/sklearn/gaussian_process/kernels.py:440: ConvergenceWarning: The optimal value found for dimension 0 of parameter k1__k1__constant_value is close to the specified lower bound 1e-08. Decreasing the bound and calling fit again may find a better value.
  warnings.warn(
/usr/local/lib/python3.11/dist-packages/sklearn/gaussian_process/kernels.py:440: ConvergenceWarning: The optimal value found for dimension 0 of parameter k1__k2__length_scale is close to the specified lower bound 5.0. Decreasing the bound and calling fit again may find a better value.
  warnings.warn(
/usr/local/lib/python3.11/dist-packages/sklearn/gaussian_process/kernels.py:440: ConvergenceWarning: The optimal value found for dimension 0 of parameter k1__k1__constant_value is close to the specified lower bound 1e-08. Decreasing the bound and calling fit again may find a better value.
  warnings.warn(
/usr/local/lib/python3.11/dist-packages/sklearn/gaussian_process/kernels.py:440: ConvergenceWarning: The optimal value found for dimension 0 of parameter k1__k2__length_scale is close to the specified lower bound 5.0. Decreasing the bound and calling fit again may find a better value.
  warnings.warn(
/usr/local/lib/python3.11/dist-packages/sklearn/gaussian_process/kernels.py:440: ConvergenceWarning: The optimal value found for dimension 0 of parameter k1__k1__constant_value is close to the specified lower bound 1e-08. Decreasing the bound and calling fit again may find a better value.
  warnings.warn(
/usr/local/lib/python3.11/dist-packages/sklearn/gaussian_process/kernels.py:440: ConvergenceWarning: The optimal value found for dimension 0 of parameter k1__k2__length_scale is close to the specified lower bound 5.0. Decreasing the bound and calling fit again may find a better value.
  warnings.warn(
/usr/local/lib/python3.11/dist-packages/sklearn/gaussian_process/kernels.py:440: ConvergenceWarning: The optimal value found for dimension 0 of parameter k1__k1__constant_value is close to the specified lower bound 1e-08. Decreasing the bound and calling fit again may find a better value.
  warnings.warn(
/usr/local/lib/python3.11/dist-packages/sklearn/gaussian_process/kernels.py:440: ConvergenceWarning: The optimal value found for dimension 0 of parameter k1__k2__length_scale is close to the specified lower bound 5.0. Decreasing the bound and calling fit again may find a better value.
  warnings.warn(
/usr/local/lib/python3.11/dist-packages/sklearn/gaussian_process/kernels.py:440: ConvergenceWarning: The optimal value found for dimension 0 of parameter k1__k1__constant_value is close to the specified lower bound 1e-08. Decreasing the bound and calling fit again may find a better value.
  warnings.warn(
/usr/local/lib/python3.11/dist-packages/sklearn/gaussian_process/kernels.py:440: ConvergenceWarning: The optimal value found for dimension 0 of parameter k1__k2__length_scale is close to the specified lower bound 5.0. Decreasing the bound and calling fit again may find a better value.
  warnings.warn(
/usr/local/lib/python3.11/dist-packages/sklearn/gaussian_process/kernels.py:440: ConvergenceWarning: The optimal value found for dimension 0 of parameter k1__k1__constant_value is close to the specified lower bound 1e-08. Decreasing the bound and calling fit again may find a better value.
  warnings.warn(
/usr/local/lib/python3.11/dist-packages/sklearn/gaussian_process/kernels.py:440: ConvergenceWarning: The optimal value found for dimension 0 of parameter k1__k2__length_scale is close to the specified lower bound 5.0. Decreasing the bound and calling fit again may find a better value.
  warnings.warn(
/usr/local/lib/python3.11/dist-packages/sklearn/gaussian_process/kernels.py:440: ConvergenceWarning: The optimal value found for dimension 0 of parameter k2__noise_level is close to the specified lower bound 1e-08. Decreasing the bound and calling fit again may find a better value.
  warnings.warn(
/usr/local/lib/python3.11/dist-packages/sklearn/gaussian_process/kernels.py:440: ConvergenceWarning: The optimal value found for dimension 0 of parameter k1__k1__constant_value is close to the specified lower bound 1e-08. Decreasing the bound and calling fit again may find a better value.
  warnings.warn(
/usr/local/lib/python3.11/dist-packages/sklearn/gaussian_process/kernels.py:440: ConvergenceWarning: The optimal value found for dimension 0 of parameter k1__k2__length_scale is close to the specified lower bound 5.0. Decreasing the bound and calling fit again may find a better value.
  warnings.warn(
/usr/local/lib/python3.11/dist-packages/sklearn/gaussian_process/kernels.py:440: ConvergenceWarning: The optimal value found for dimension 0 of parameter k1__k1__constant_value is close to the specified lower bound 1e-08. Decreasing the bound and calling fit again may find a better value.
  warnings.warn(
/usr/local/lib/python3.11/dist-packages/sklearn/gaussian_process/kernels.py:440: ConvergenceWarning: The optimal value found for dimension 0 of parameter k1__k2__length_scale is close to the specified lower bound 5.0. Decreasing the bound and calling fit again may find a better value.
  warnings.warn(
/usr/local/lib/python3.11/dist-packages/sklearn/gaussian_process/kernels.py:440: ConvergenceWarning: The optimal value found for dimension 0 of parameter k1__k1__constant_value is close to the specified lower bound 1e-08. Decreasing the bound and calling fit again may find a better value.
  warnings.warn(
/usr/local/lib/python3.11/dist-packages/sklearn/gaussian_process/kernels.py:440: ConvergenceWarning: The optimal value found for dimension 0 of parameter k1__k1__constant_value is close to the specified lower bound 1e-08. Decreasing the bound and calling fit again may find a better value.
  warnings.warn(
/usr/local/lib/python3.11/dist-packages/sklearn/gaussian_process/kernels.py:440: ConvergenceWarning: The optimal value found for dimension 0 of parameter k1__k2__length_scale is close to the specified lower bound 5.0. Decreasing the bound and calling fit again may find a better value.
  warnings.warn(
/usr/local/lib/python3.11/dist-packages/sklearn/gaussian_process/kernels.py:440: ConvergenceWarning: The optimal value found for dimension 0 of parameter k2__noise_level is close to the specified lower bound 1e-08. Decreasing the bound and calling fit again may find a better value.
  warnings.warn(
/usr/local/lib/python3.11/dist-packages/sklearn/gaussian_process/kernels.py:440: ConvergenceWarning: The optimal value found for dimension 0 of parameter k1__k1__constant_value is close to the specified lower bound 1e-08. Decreasing the bound and calling fit again may find a better value.
  warnings.warn(
/usr/local/lib/python3.11/dist-packages/sklearn/gaussian_process/kernels.py:440: ConvergenceWarning: The optimal value found for dimension 0 of parameter k1__k2__length_scale is close to the specified lower bound 5.0. Decreasing the bound and calling fit again may find a better value.
  warnings.warn(
/usr/local/lib/python3.11/dist-packages/sklearn/gaussian_process/kernels.py:440: ConvergenceWarning: The optimal value found for dimension 0 of parameter k1__k1__constant_value is close to the specified lower bound 1e-08. Decreasing the bound and calling fit again may find a better value.
  warnings.warn(
/usr/local/lib/python3.11/dist-packages/sklearn/gaussian_process/kernels.py:440: ConvergenceWarning: The optimal value found for dimension 0 of parameter k1__k2__length_scale is close to the specified lower bound 5.0. Decreasing the bound and calling fit again may find a better value.
  warnings.warn(
/usr/local/lib/python3.11/dist-packages/sklearn/gaussian_process/kernels.py:440: ConvergenceWarning: The optimal value found for dimension 0 of parameter k1__k2__length_scale is close to the specified lower bound 5.0. Decreasing the bound and calling fit again may find a better value.
  warnings.warn(
/usr/local/lib/python3.11/dist-packages/sklearn/gaussian_process/kernels.py:440: ConvergenceWarning: The optimal value found for dimension 0 of parameter k1__k1__constant_value is close to the specified lower bound 1e-08. Decreasing the bound and calling fit again may find a better value.
  warnings.warn(
/usr/local/lib/python3.11/dist-packages/sklearn/gaussian_process/kernels.py:440: ConvergenceWarning: The optimal value found for dimension 0 of parameter k1__k2__length_scale is close to the specified lower bound 5.0. Decreasing the bound and calling fit again may find a better value.
  warnings.warn(
/usr/local/lib/python3.11/dist-packages/sklearn/gaussian_process/kernels.py:440: ConvergenceWarning: The optimal value found for dimension 0 of parameter k1__k1__constant_value is close to the specified lower bound 1e-08. Decreasing the bound and calling fit again may find a better value.
  warnings.warn(
/usr/local/lib/python3.11/dist-packages/sklearn/gaussian_process/kernels.py:440: ConvergenceWarning: The optimal value found for dimension 0 of parameter k1__k2__length_scale is close to the specified lower bound 5.0. Decreasing the bound and calling fit again may find a better value.
  warnings.warn(
/usr/local/lib/python3.11/dist-packages/sklearn/gaussian_process/kernels.py:440: ConvergenceWarning: The optimal value found for dimension 0 of parameter k1__k1__constant_value is close to the specified lower bound 1e-08. Decreasing the bound and calling fit again may find a better value.
  warnings.warn(
/usr/local/lib/python3.11/dist-packages/sklearn/gaussian_process/kernels.py:440: ConvergenceWarning: The optimal value found for dimension 0 of parameter k1__k2__length_scale is close to the specified lower bound 5.0. Decreasing the bound and calling fit again may find a better value.
  warnings.warn(
/usr/local/lib/python3.11/dist-packages/sklearn/gaussian_process/kernels.py:440: ConvergenceWarning: The optimal value found for dimension 0 of parameter k2__noise_level is close to the specified lower bound 1e-08. Decreasing the bound and calling fit again may find a better value.
  warnings.warn(
/usr/local/lib/python3.11/dist-packages/sklearn/gaussian_process/kernels.py:440: ConvergenceWarning: The optimal value found for dimension 0 of parameter k1__k1__constant_value is close to the specified lower bound 1e-08. Decreasing the bound and calling fit again may find a better value.
  warnings.warn(
/usr/local/lib/python3.11/dist-packages/sklearn/gaussian_process/kernels.py:440: ConvergenceWarning: The optimal value found for dimension 0 of parameter k1__k2__length_scale is close to the specified lower bound 5.0. Decreasing the bound and calling fit again may find a better value.
  warnings.warn(
/usr/local/lib/python3.11/dist-packages/sklearn/gaussian_process/kernels.py:440: ConvergenceWarning: The optimal value found for dimension 0 of parameter k1__k1__constant_value is close to the specified lower bound 1e-08. Decreasing the bound and calling fit again may find a better value.
  warnings.warn(
/usr/local/lib/python3.11/dist-packages/sklearn/gaussian_process/kernels.py:440: ConvergenceWarning: The optimal value found for dimension 0 of parameter k1__k2__length_scale is close to the specified lower bound 5.0. Decreasing the bound and calling fit again may find a better value.
  warnings.warn(
/usr/local/lib/python3.11/dist-packages/sklearn/gaussian_process/kernels.py:440: ConvergenceWarning: The optimal value found for dimension 0 of parameter k1__k1__constant_value is close to the specified lower bound 1e-08. Decreasing the bound and calling fit again may find a better value.
  warnings.warn(
/usr/local/lib/python3.11/dist-packages/sklearn/gaussian_process/kernels.py:440: ConvergenceWarning: The optimal value found for dimension 0 of parameter k1__k2__length_scale is close to the specified lower bound 5.0. Decreasing the bound and calling fit again may find a better value.
  warnings.warn(
120 done 2138s
/usr/local/lib/python3.11/dist-packages/sklearn/gaussian_process/kernels.py:440: ConvergenceWarning: The optimal value found for dimension 0 of parameter k1__k1__constant_value is close to the specified lower bound 1e-08. Decreasing the bound and calling fit again may find a better value.
  warnings.warn(
/usr/local/lib/python3.11/dist-packages/sklearn/gaussian_process/kernels.py:440: ConvergenceWarning: The optimal value found for dimension 0 of parameter k1__k1__constant_value is close to the specified lower bound 1e-08. Decreasing the bound and calling fit again may find a better value.
  warnings.warn(
/usr/local/lib/python3.11/dist-packages/sklearn/gaussian_process/kernels.py:450: ConvergenceWarning: The optimal value found for dimension 0 of parameter k1__k2__length_scale is close to the specified upper bound 500.0. Increasing the bound and calling fit again may find a better value.
  warnings.warn(
/usr/local/lib/python3.11/dist-packages/sklearn/gaussian_process/kernels.py:440: ConvergenceWarning: The optimal value found for dimension 0 of parameter k1__k1__constant_value is close to the specified lower bound 1e-08. Decreasing the bound and calling fit again may find a better value.
  warnings.warn(
/usr/local/lib/python3.11/dist-packages/sklearn/gaussian_process/kernels.py:440: ConvergenceWarning: The optimal value found for dimension 0 of parameter k1__k2__length_scale is close to the specified lower bound 5.0. Decreasing the bound and calling fit again may find a better value.
  warnings.warn(
/usr/local/lib/python3.11/dist-packages/sklearn/gaussian_process/kernels.py:440: ConvergenceWarning: The optimal value found for dimension 0 of parameter k1__k1__constant_value is close to the specified lower bound 1e-08. Decreasing the bound and calling fit again may find a better value.
  warnings.warn(
/usr/local/lib/python3.11/dist-packages/sklearn/gaussian_process/kernels.py:440: ConvergenceWarning: The optimal value found for dimension 0 of parameter k1__k2__length_scale is close to the specified lower bound 5.0. Decreasing the bound and calling fit again may find a better value.
  warnings.warn(
/usr/local/lib/python3.11/dist-packages/sklearn/gaussian_process/kernels.py:440: ConvergenceWarning: The optimal value found for dimension 0 of parameter k2__noise_level is close to the specified lower bound 1e-08. Decreasing the bound and calling fit again may find a better value.
  warnings.warn(
/usr/local/lib/python3.11/dist-packages/sklearn/gaussian_process/kernels.py:440: ConvergenceWarning: The optimal value found for dimension 0 of parameter k1__k1__constant_value is close to the specified lower bound 1e-08. Decreasing the bound and calling fit again may find a better value.
  warnings.warn(
/usr/local/lib/python3.11/dist-packages/sklearn/gaussian_process/kernels.py:450: ConvergenceWarning: The optimal value found for dimension 0 of parameter k1__k2__length_scale is close to the specified upper bound 500.0. Increasing the bound and calling fit again may find a better value.
  warnings.warn(
/usr/local/lib/python3.11/dist-packages/sklearn/gaussian_process/kernels.py:440: ConvergenceWarning: The optimal value found for dimension 0 of parameter k1__k1__constant_value is close to the specified lower bound 1e-08. Decreasing the bound and calling fit again may find a better value.
  warnings.warn(
/usr/local/lib/python3.11/dist-packages/sklearn/gaussian_process/kernels.py:440: ConvergenceWarning: The optimal value found for dimension 0 of parameter k1__k2__length_scale is close to the specified lower bound 5.0. Decreasing the bound and calling fit again may find a better value.
  warnings.warn(
/usr/local/lib/python3.11/dist-packages/sklearn/gaussian_process/kernels.py:440: ConvergenceWarning: The optimal value found for dimension 0 of parameter k1__k1__constant_value is close to the specified lower bound 1e-08. Decreasing the bound and calling fit again may find a better value.
  warnings.warn(
/usr/local/lib/python3.11/dist-packages/sklearn/gaussian_process/kernels.py:440: ConvergenceWarning: The optimal value found for dimension 0 of parameter k1__k1__constant_value is close to the specified lower bound 1e-08. Decreasing the bound and calling fit again may find a better value.
  warnings.warn(
/usr/local/lib/python3.11/dist-packages/sklearn/gaussian_process/kernels.py:440: ConvergenceWarning: The optimal value found for dimension 0 of parameter k1__k1__constant_value is close to the specified lower bound 1e-08. Decreasing the bound and calling fit again may find a better value.
  warnings.warn(
/usr/local/lib/python3.11/dist-packages/sklearn/gaussian_process/kernels.py:440: ConvergenceWarning: The optimal value found for dimension 0 of parameter k1__k2__length_scale is close to the specified lower bound 5.0. Decreasing the bound and calling fit again may find a better value.
  warnings.warn(
/usr/local/lib/python3.11/dist-packages/sklearn/gaussian_process/kernels.py:440: ConvergenceWarning: The optimal value found for dimension 0 of parameter k2__noise_level is close to the specified lower bound 1e-08. Decreasing the bound and calling fit again may find a better value.
  warnings.warn(
/usr/local/lib/python3.11/dist-packages/sklearn/gaussian_process/kernels.py:440: ConvergenceWarning: The optimal value found for dimension 0 of parameter k1__k1__constant_value is close to the specified lower bound 1e-08. Decreasing the bound and calling fit again may find a better value.
  warnings.warn(
/usr/local/lib/python3.11/dist-packages/sklearn/gaussian_process/kernels.py:440: ConvergenceWarning: The optimal value found for dimension 0 of parameter k1__k1__constant_value is close to the specified lower bound 1e-08. Decreasing the bound and calling fit again may find a better value.
  warnings.warn(
/usr/local/lib/python3.11/dist-packages/sklearn/gaussian_process/kernels.py:440: ConvergenceWarning: The optimal value found for dimension 0 of parameter k1__k2__length_scale is close to the specified lower bound 5.0. Decreasing the bound and calling fit again may find a better value.
  warnings.warn(
/usr/local/lib/python3.11/dist-packages/sklearn/gaussian_process/kernels.py:440: ConvergenceWarning: The optimal value found for dimension 0 of parameter k1__k1__constant_value is close to the specified lower bound 1e-08. Decreasing the bound and calling fit again may find a better value.
  warnings.warn(
/usr/local/lib/python3.11/dist-packages/sklearn/gaussian_process/kernels.py:440: ConvergenceWarning: The optimal value found for dimension 0 of parameter k1__k2__length_scale is close to the specified lower bound 5.0. Decreasing the bound and calling fit again may find a better value.
  warnings.warn(
/usr/local/lib/python3.11/dist-packages/sklearn/gaussian_process/kernels.py:440: ConvergenceWarning: The optimal value found for dimension 0 of parameter k1__k1__constant_value is close to the specified lower bound 1e-08. Decreasing the bound and calling fit again may find a better value.
  warnings.warn(
/usr/local/lib/python3.11/dist-packages/sklearn/gaussian_process/kernels.py:440: ConvergenceWarning: The optimal value found for dimension 0 of parameter k1__k1__constant_value is close to the specified lower bound 1e-08. Decreasing the bound and calling fit again may find a better value.
  warnings.warn(
/usr/local/lib/python3.11/dist-packages/sklearn/gaussian_process/kernels.py:440: ConvergenceWarning: The optimal value found for dimension 0 of parameter k1__k2__length_scale is close to the specified lower bound 5.0. Decreasing the bound and calling fit again may find a better value.
  warnings.warn(
/usr/local/lib/python3.11/dist-packages/sklearn/gaussian_process/kernels.py:440: ConvergenceWarning: The optimal value found for dimension 0 of parameter k1__k1__constant_value is close to the specified lower bound 1e-08. Decreasing the bound and calling fit again may find a better value.
  warnings.warn(
/usr/local/lib/python3.11/dist-packages/sklearn/gaussian_process/kernels.py:440: ConvergenceWarning: The optimal value found for dimension 0 of parameter k1__k1__constant_value is close to the specified lower bound 1e-08. Decreasing the bound and calling fit again may find a better value.
  warnings.warn(
/usr/local/lib/python3.11/dist-packages/sklearn/gaussian_process/kernels.py:440: ConvergenceWarning: The optimal value found for dimension 0 of parameter k1__k1__constant_value is close to the specified lower bound 1e-08. Decreasing the bound and calling fit again may find a better value.
  warnings.warn(
/usr/local/lib/python3.11/dist-packages/sklearn/gaussian_process/kernels.py:440: ConvergenceWarning: The optimal value found for dimension 0 of parameter k2__noise_level is close to the specified lower bound 1e-08. Decreasing the bound and calling fit again may find a better value.
  warnings.warn(
/usr/local/lib/python3.11/dist-packages/sklearn/gaussian_process/kernels.py:440: ConvergenceWarning: The optimal value found for dimension 0 of parameter k1__k1__constant_value is close to the specified lower bound 1e-08. Decreasing the bound and calling fit again may find a better value.
  warnings.warn(
/usr/local/lib/python3.11/dist-packages/sklearn/gaussian_process/kernels.py:440: ConvergenceWarning: The optimal value found for dimension 0 of parameter k1__k2__length_scale is close to the specified lower bound 5.0. Decreasing the bound and calling fit again may find a better value.
  warnings.warn(
/usr/local/lib/python3.11/dist-packages/sklearn/gaussian_process/kernels.py:440: ConvergenceWarning: The optimal value found for dimension 0 of parameter k1__k2__length_scale is close to the specified lower bound 5.0. Decreasing the bound and calling fit again may find a better value.
  warnings.warn(
150 done 2654s
/usr/local/lib/python3.11/dist-packages/sklearn/gaussian_process/kernels.py:440: ConvergenceWarning: The optimal value found for dimension 0 of parameter k1__k1__constant_value is close to the specified lower bound 1e-08. Decreasing the bound and calling fit again may find a better value.
  warnings.warn(
/usr/local/lib/python3.11/dist-packages/sklearn/gaussian_process/kernels.py:440: ConvergenceWarning: The optimal value found for dimension 0 of parameter k1__k2__length_scale is close to the specified lower bound 5.0. Decreasing the bound and calling fit again may find a better value.
  warnings.warn(
/usr/local/lib/python3.11/dist-packages/sklearn/gaussian_process/kernels.py:440: ConvergenceWarning: The optimal value found for dimension 0 of parameter k1__k1__constant_value is close to the specified lower bound 1e-08. Decreasing the bound and calling fit again may find a better value.
  warnings.warn(
/usr/local/lib/python3.11/dist-packages/sklearn/gaussian_process/kernels.py:440: ConvergenceWarning: The optimal value found for dimension 0 of parameter k1__k1__constant_value is close to the specified lower bound 1e-08. Decreasing the bound and calling fit again may find a better value.
  warnings.warn(
/usr/local/lib/python3.11/dist-packages/sklearn/gaussian_process/kernels.py:440: ConvergenceWarning: The optimal value found for dimension 0 of parameter k1__k1__constant_value is close to the specified lower bound 1e-08. Decreasing the bound and calling fit again may find a better value.
  warnings.warn(
/usr/local/lib/python3.11/dist-packages/sklearn/gaussian_process/kernels.py:440: ConvergenceWarning: The optimal value found for dimension 0 of parameter k1__k1__constant_value is close to the specified lower bound 1e-08. Decreasing the bound and calling fit again may find a better value.
  warnings.warn(
/usr/local/lib/python3.11/dist-packages/sklearn/gaussian_process/kernels.py:440: ConvergenceWarning: The optimal value found for dimension 0 of parameter k1__k1__constant_value is close to the specified lower bound 1e-08. Decreasing the bound and calling fit again may find a better value.
  warnings.warn(
/usr/local/lib/python3.11/dist-packages/sklearn/gaussian_process/kernels.py:440: ConvergenceWarning: The optimal value found for dimension 0 of parameter k1__k1__constant_value is close to the specified lower bound 1e-08. Decreasing the bound and calling fit again may find a better value.
  warnings.warn(
/usr/local/lib/python3.11/dist-packages/sklearn/gaussian_process/kernels.py:440: ConvergenceWarning: The optimal value found for dimension 0 of parameter k1__k2__length_scale is close to the specified lower bound 5.0. Decreasing the bound and calling fit again may find a better value.
  warnings.warn(
/usr/local/lib/python3.11/dist-packages/sklearn/gaussian_process/kernels.py:440: ConvergenceWarning: The optimal value found for dimension 0 of parameter k1__k1__constant_value is close to the specified lower bound 1e-08. Decreasing the bound and calling fit again may find a better value.
  warnings.warn(
/usr/local/lib/python3.11/dist-packages/sklearn/gaussian_process/kernels.py:440: ConvergenceWarning: The optimal value found for dimension 0 of parameter k1__k1__constant_value is close to the specified lower bound 1e-08. Decreasing the bound and calling fit again may find a better value.
  warnings.warn(
/usr/local/lib/python3.11/dist-packages/sklearn/gaussian_process/kernels.py:440: ConvergenceWarning: The optimal value found for dimension 0 of parameter k1__k2__length_scale is close to the specified lower bound 5.0. Decreasing the bound and calling fit again may find a better value.
  warnings.warn(
/usr/local/lib/python3.11/dist-packages/sklearn/gaussian_process/kernels.py:440: ConvergenceWarning: The optimal value found for dimension 0 of parameter k1__k1__constant_value is close to the specified lower bound 1e-08. Decreasing the bound and calling fit again may find a better value.
  warnings.warn(
/usr/local/lib/python3.11/dist-packages/sklearn/gaussian_process/kernels.py:440: ConvergenceWarning: The optimal value found for dimension 0 of parameter k1__k1__constant_value is close to the specified lower bound 1e-08. Decreasing the bound and calling fit again may find a better value.
  warnings.warn(
/usr/local/lib/python3.11/dist-packages/sklearn/gaussian_process/kernels.py:450: ConvergenceWarning: The optimal value found for dimension 0 of parameter k1__k2__length_scale is close to the specified upper bound 500.0. Increasing the bound and calling fit again may find a better value.
  warnings.warn(
/usr/local/lib/python3.11/dist-packages/sklearn/gaussian_process/kernels.py:440: ConvergenceWarning: The optimal value found for dimension 0 of parameter k1__k1__constant_value is close to the specified lower bound 1e-08. Decreasing the bound and calling fit again may find a better value.
  warnings.warn(
/usr/local/lib/python3.11/dist-packages/sklearn/gaussian_process/kernels.py:440: ConvergenceWarning: The optimal value found for dimension 0 of parameter k1__k1__constant_value is close to the specified lower bound 1e-08. Decreasing the bound and calling fit again may find a better value.
  warnings.warn(
/usr/local/lib/python3.11/dist-packages/sklearn/gaussian_process/kernels.py:440: ConvergenceWarning: The optimal value found for dimension 0 of parameter k1__k1__constant_value is close to the specified lower bound 1e-08. Decreasing the bound and calling fit again may find a better value.
  warnings.warn(
/usr/local/lib/python3.11/dist-packages/sklearn/gaussian_process/kernels.py:440: ConvergenceWarning: The optimal value found for dimension 0 of parameter k1__k1__constant_value is close to the specified lower bound 1e-08. Decreasing the bound and calling fit again may find a better value.
  warnings.warn(
/usr/local/lib/python3.11/dist-packages/sklearn/gaussian_process/kernels.py:440: ConvergenceWarning: The optimal value found for dimension 0 of parameter k1__k1__constant_value is close to the specified lower bound 1e-08. Decreasing the bound and calling fit again may find a better value.
  warnings.warn(
/usr/local/lib/python3.11/dist-packages/sklearn/gaussian_process/kernels.py:440: ConvergenceWarning: The optimal value found for dimension 0 of parameter k1__k1__constant_value is close to the specified lower bound 1e-08. Decreasing the bound and calling fit again may find a better value.
  warnings.warn(
/usr/local/lib/python3.11/dist-packages/sklearn/gaussian_process/kernels.py:440: ConvergenceWarning: The optimal value found for dimension 0 of parameter k1__k1__constant_value is close to the specified lower bound 1e-08. Decreasing the bound and calling fit again may find a better value.
  warnings.warn(
/usr/local/lib/python3.11/dist-packages/sklearn/gaussian_process/kernels.py:440: ConvergenceWarning: The optimal value found for dimension 0 of parameter k1__k1__constant_value is close to the specified lower bound 1e-08. Decreasing the bound and calling fit again may find a better value.
  warnings.warn(
/usr/local/lib/python3.11/dist-packages/sklearn/gaussian_process/kernels.py:440: ConvergenceWarning: The optimal value found for dimension 0 of parameter k1__k2__length_scale is close to the specified lower bound 5.0. Decreasing the bound and calling fit again may find a better value.
  warnings.warn(
/usr/local/lib/python3.11/dist-packages/sklearn/gaussian_process/kernels.py:440: ConvergenceWarning: The optimal value found for dimension 0 of parameter k1__k1__constant_value is close to the specified lower bound 1e-08. Decreasing the bound and calling fit again may find a better value.
  warnings.warn(
/usr/local/lib/python3.11/dist-packages/sklearn/gaussian_process/kernels.py:440: ConvergenceWarning: The optimal value found for dimension 0 of parameter k1__k2__length_scale is close to the specified lower bound 5.0. Decreasing the bound and calling fit again may find a better value.
  warnings.warn(
180 done 3174s
/usr/local/lib/python3.11/dist-packages/sklearn/gaussian_process/kernels.py:440: ConvergenceWarning: The optimal value found for dimension 0 of parameter k1__k1__constant_value is close to the specified lower bound 1e-08. Decreasing the bound and calling fit again may find a better value.
  warnings.warn(
/usr/local/lib/python3.11/dist-packages/sklearn/gaussian_process/kernels.py:440: ConvergenceWarning: The optimal value found for dimension 0 of parameter k1__k1__constant_value is close to the specified lower bound 1e-08. Decreasing the bound and calling fit again may find a better value.
  warnings.warn(
/usr/local/lib/python3.11/dist-packages/sklearn/gaussian_process/kernels.py:440: ConvergenceWarning: The optimal value found for dimension 0 of parameter k1__k2__length_scale is close to the specified lower bound 5.0. Decreasing the bound and calling fit again may find a better value.
  warnings.warn(
/usr/local/lib/python3.11/dist-packages/sklearn/gaussian_process/kernels.py:440: ConvergenceWarning: The optimal value found for dimension 0 of parameter k1__k1__constant_value is close to the specified lower bound 1e-08. Decreasing the bound and calling fit again may find a better value.
  warnings.warn(
/usr/local/lib/python3.11/dist-packages/sklearn/gaussian_process/kernels.py:440: ConvergenceWarning: The optimal value found for dimension 0 of parameter k1__k2__length_scale is close to the specified lower bound 5.0. Decreasing the bound and calling fit again may find a better value.
  warnings.warn(
/usr/local/lib/python3.11/dist-packages/sklearn/gaussian_process/kernels.py:440: ConvergenceWarning: The optimal value found for dimension 0 of parameter k1__k1__constant_value is close to the specified lower bound 1e-08. Decreasing the bound and calling fit again may find a better value.
  warnings.warn(
/usr/local/lib/python3.11/dist-packages/sklearn/gaussian_process/kernels.py:440: ConvergenceWarning: The optimal value found for dimension 0 of parameter k1__k2__length_scale is close to the specified lower bound 5.0. Decreasing the bound and calling fit again may find a better value.
  warnings.warn(
/usr/local/lib/python3.11/dist-packages/sklearn/gaussian_process/kernels.py:440: ConvergenceWarning: The optimal value found for dimension 0 of parameter k1__k1__constant_value is close to the specified lower bound 1e-08. Decreasing the bound and calling fit again may find a better value.
  warnings.warn(
/usr/local/lib/python3.11/dist-packages/sklearn/gaussian_process/kernels.py:440: ConvergenceWarning: The optimal value found for dimension 0 of parameter k1__k2__length_scale is close to the specified lower bound 5.0. Decreasing the bound and calling fit again may find a better value.
  warnings.warn(
/usr/local/lib/python3.11/dist-packages/sklearn/gaussian_process/kernels.py:440: ConvergenceWarning: The optimal value found for dimension 0 of parameter k1__k1__constant_value is close to the specified lower bound 1e-08. Decreasing the bound and calling fit again may find a better value.
  warnings.warn(
/usr/local/lib/python3.11/dist-packages/sklearn/gaussian_process/kernels.py:440: ConvergenceWarning: The optimal value found for dimension 0 of parameter k1__k2__length_scale is close to the specified lower bound 5.0. Decreasing the bound and calling fit again may find a better value.
  warnings.warn(
/usr/local/lib/python3.11/dist-packages/sklearn/gaussian_process/kernels.py:440: ConvergenceWarning: The optimal value found for dimension 0 of parameter k1__k1__constant_value is close to the specified lower bound 1e-08. Decreasing the bound and calling fit again may find a better value.
  warnings.warn(
/usr/local/lib/python3.11/dist-packages/sklearn/gaussian_process/kernels.py:440: ConvergenceWarning: The optimal value found for dimension 0 of parameter k1__k1__constant_value is close to the specified lower bound 1e-08. Decreasing the bound and calling fit again may find a better value.
  warnings.warn(
/usr/local/lib/python3.11/dist-packages/sklearn/gaussian_process/kernels.py:440: ConvergenceWarning: The optimal value found for dimension 0 of parameter k1__k2__length_scale is close to the specified lower bound 5.0. Decreasing the bound and calling fit again may find a better value.
  warnings.warn(
/usr/local/lib/python3.11/dist-packages/sklearn/gaussian_process/kernels.py:440: ConvergenceWarning: The optimal value found for dimension 0 of parameter k2__noise_level is close to the specified lower bound 1e-08. Decreasing the bound and calling fit again may find a better value.
  warnings.warn(
/usr/local/lib/python3.11/dist-packages/sklearn/gaussian_process/kernels.py:440: ConvergenceWarning: The optimal value found for dimension 0 of parameter k1__k1__constant_value is close to the specified lower bound 1e-08. Decreasing the bound and calling fit again may find a better value.
  warnings.warn(
/usr/local/lib/python3.11/dist-packages/sklearn/gaussian_process/kernels.py:440: ConvergenceWarning: The optimal value found for dimension 0 of parameter k1__k2__length_scale is close to the specified lower bound 5.0. Decreasing the bound and calling fit again may find a better value.
  warnings.warn(
/usr/local/lib/python3.11/dist-packages/sklearn/gaussian_process/kernels.py:440: ConvergenceWarning: The optimal value found for dimension 0 of parameter k1__k1__constant_value is close to the specified lower bound 1e-08. Decreasing the bound and calling fit again may find a better value.
  warnings.warn(
/usr/local/lib/python3.11/dist-packages/sklearn/gaussian_process/kernels.py:440: ConvergenceWarning: The optimal value found for dimension 0 of parameter k1__k2__length_scale is close to the specified lower bound 5.0. Decreasing the bound and calling fit again may find a better value.
  warnings.warn(
/usr/local/lib/python3.11/dist-packages/sklearn/gaussian_process/kernels.py:440: ConvergenceWarning: The optimal value found for dimension 0 of parameter k1__k1__constant_value is close to the specified lower bound 1e-08. Decreasing the bound and calling fit again may find a better value.
  warnings.warn(
/usr/local/lib/python3.11/dist-packages/sklearn/gaussian_process/kernels.py:440: ConvergenceWarning: The optimal value found for dimension 0 of parameter k1__k2__length_scale is close to the specified lower bound 5.0. Decreasing the bound and calling fit again may find a better value.
  warnings.warn(
/usr/local/lib/python3.11/dist-packages/sklearn/gaussian_process/kernels.py:440: ConvergenceWarning: The optimal value found for dimension 0 of parameter k2__noise_level is close to the specified lower bound 1e-08. Decreasing the bound and calling fit again may find a better value.
  warnings.warn(
/usr/local/lib/python3.11/dist-packages/sklearn/gaussian_process/kernels.py:440: ConvergenceWarning: The optimal value found for dimension 0 of parameter k1__k1__constant_value is close to the specified lower bound 1e-08. Decreasing the bound and calling fit again may find a better value.
  warnings.warn(
/usr/local/lib/python3.11/dist-packages/sklearn/gaussian_process/kernels.py:440: ConvergenceWarning: The optimal value found for dimension 0 of parameter k1__k2__length_scale is close to the specified lower bound 5.0. Decreasing the bound and calling fit again may find a better value.
  warnings.warn(
/usr/local/lib/python3.11/dist-packages/sklearn/gaussian_process/kernels.py:440: ConvergenceWarning: The optimal value found for dimension 0 of parameter k1__k1__constant_value is close to the specified lower bound 1e-08. Decreasing the bound and calling fit again may find a better value.
  warnings.warn(
/usr/local/lib/python3.11/dist-packages/sklearn/gaussian_process/kernels.py:440: ConvergenceWarning: The optimal value found for dimension 0 of parameter k1__k2__length_scale is close to the specified lower bound 5.0. Decreasing the bound and calling fit again may find a better value.
  warnings.warn(
/usr/local/lib/python3.11/dist-packages/sklearn/gaussian_process/kernels.py:440: ConvergenceWarning: The optimal value found for dimension 0 of parameter k1__k2__length_scale is close to the specified lower bound 5.0. Decreasing the bound and calling fit again may find a better value.
  warnings.warn(
/usr/local/lib/python3.11/dist-packages/sklearn/gaussian_process/kernels.py:440: ConvergenceWarning: The optimal value found for dimension 0 of parameter k1__k1__constant_value is close to the specified lower bound 1e-08. Decreasing the bound and calling fit again may find a better value.
  warnings.warn(
/usr/local/lib/python3.11/dist-packages/sklearn/gaussian_process/kernels.py:440: ConvergenceWarning: The optimal value found for dimension 0 of parameter k1__k2__length_scale is close to the specified lower bound 5.0. Decreasing the bound and calling fit again may find a better value.
  warnings.warn(
/usr/local/lib/python3.11/dist-packages/sklearn/gaussian_process/kernels.py:440: ConvergenceWarning: The optimal value found for dimension 0 of parameter k1__k1__constant_value is close to the specified lower bound 1e-08. Decreasing the bound and calling fit again may find a better value.
  warnings.warn(
/usr/local/lib/python3.11/dist-packages/sklearn/gaussian_process/kernels.py:440: ConvergenceWarning: The optimal value found for dimension 0 of parameter k1__k2__length_scale is close to the specified lower bound 5.0. Decreasing the bound and calling fit again may find a better value.
  warnings.warn(
/usr/local/lib/python3.11/dist-packages/sklearn/gaussian_process/kernels.py:440: ConvergenceWarning: The optimal value found for dimension 0 of parameter k1__k1__constant_value is close to the specified lower bound 1e-08. Decreasing the bound and calling fit again may find a better value.
  warnings.warn(
/usr/local/lib/python3.11/dist-packages/sklearn/gaussian_process/kernels.py:440: ConvergenceWarning: The optimal value found for dimension 0 of parameter k1__k2__length_scale is close to the specified lower bound 5.0. Decreasing the bound and calling fit again may find a better value.
  warnings.warn(
/usr/local/lib/python3.11/dist-packages/sklearn/gaussian_process/kernels.py:440: ConvergenceWarning: The optimal value found for dimension 0 of parameter k2__noise_level is close to the specified lower bound 1e-08. Decreasing the bound and calling fit again may find a better value.
  warnings.warn(
/usr/local/lib/python3.11/dist-packages/sklearn/gaussian_process/kernels.py:440: ConvergenceWarning: The optimal value found for dimension 0 of parameter k1__k2__length_scale is close to the specified lower bound 5.0. Decreasing the bound and calling fit again may find a better value.
  warnings.warn(
/usr/local/lib/python3.11/dist-packages/sklearn/gaussian_process/kernels.py:440: ConvergenceWarning: The optimal value found for dimension 0 of parameter k1__k1__constant_value is close to the specified lower bound 1e-08. Decreasing the bound and calling fit again may find a better value.
  warnings.warn(
/usr/local/lib/python3.11/dist-packages/sklearn/gaussian_process/kernels.py:440: ConvergenceWarning: The optimal value found for dimension 0 of parameter k1__k2__length_scale is close to the specified lower bound 5.0. Decreasing the bound and calling fit again may find a better value.
  warnings.warn(
/usr/local/lib/python3.11/dist-packages/sklearn/gaussian_process/kernels.py:440: ConvergenceWarning: The optimal value found for dimension 0 of parameter k2__noise_level is close to the specified lower bound 1e-08. Decreasing the bound and calling fit again may find a better value.
  warnings.warn(
/usr/local/lib/python3.11/dist-packages/sklearn/gaussian_process/kernels.py:440: ConvergenceWarning: The optimal value found for dimension 0 of parameter k1__k1__constant_value is close to the specified lower bound 1e-08. Decreasing the bound and calling fit again may find a better value.
  warnings.warn(
/usr/local/lib/python3.11/dist-packages/sklearn/gaussian_process/kernels.py:450: ConvergenceWarning: The optimal value found for dimension 0 of parameter k1__k2__length_scale is close to the specified upper bound 500.0. Increasing the bound and calling fit again may find a better value.
  warnings.warn(
210 done 3696s
/usr/local/lib/python3.11/dist-packages/sklearn/gaussian_process/kernels.py:440: ConvergenceWarning: The optimal value found for dimension 0 of parameter k1__k1__constant_value is close to the specified lower bound 1e-08. Decreasing the bound and calling fit again may find a better value.
  warnings.warn(
/usr/local/lib/python3.11/dist-packages/sklearn/gaussian_process/kernels.py:440: ConvergenceWarning: The optimal value found for dimension 0 of parameter k1__k1__constant_value is close to the specified lower bound 1e-08. Decreasing the bound and calling fit again may find a better value.
  warnings.warn(
/usr/local/lib/python3.11/dist-packages/sklearn/gaussian_process/kernels.py:440: ConvergenceWarning: The optimal value found for dimension 0 of parameter k1__k2__length_scale is close to the specified lower bound 5.0. Decreasing the bound and calling fit again may find a better value.
  warnings.warn(
/usr/local/lib/python3.11/dist-packages/sklearn/gaussian_process/kernels.py:440: ConvergenceWarning: The optimal value found for dimension 0 of parameter k1__k2__length_scale is close to the specified lower bound 5.0. Decreasing the bound and calling fit again may find a better value.
  warnings.warn(
/usr/local/lib/python3.11/dist-packages/sklearn/gaussian_process/kernels.py:440: ConvergenceWarning: The optimal value found for dimension 0 of parameter k1__k1__constant_value is close to the specified lower bound 1e-08. Decreasing the bound and calling fit again may find a better value.
  warnings.warn(
/usr/local/lib/python3.11/dist-packages/sklearn/gaussian_process/kernels.py:440: ConvergenceWarning: The optimal value found for dimension 0 of parameter k1__k1__constant_value is close to the specified lower bound 1e-08. Decreasing the bound and calling fit again may find a better value.
  warnings.warn(
/usr/local/lib/python3.11/dist-packages/sklearn/gaussian_process/kernels.py:440: ConvergenceWarning: The optimal value found for dimension 0 of parameter k1__k2__length_scale is close to the specified lower bound 5.0. Decreasing the bound and calling fit again may find a better value.
  warnings.warn(
/usr/local/lib/python3.11/dist-packages/sklearn/gaussian_process/kernels.py:440: ConvergenceWarning: The optimal value found for dimension 0 of parameter k1__k1__constant_value is close to the specified lower bound 1e-08. Decreasing the bound and calling fit again may find a better value.
  warnings.warn(
/usr/local/lib/python3.11/dist-packages/sklearn/gaussian_process/kernels.py:440: ConvergenceWarning: The optimal value found for dimension 0 of parameter k1__k2__length_scale is close to the specified lower bound 5.0. Decreasing the bound and calling fit again may find a better value.
  warnings.warn(
/usr/local/lib/python3.11/dist-packages/sklearn/gaussian_process/kernels.py:440: ConvergenceWarning: The optimal value found for dimension 0 of parameter k1__k1__constant_value is close to the specified lower bound 1e-08. Decreasing the bound and calling fit again may find a better value.
  warnings.warn(
/usr/local/lib/python3.11/dist-packages/sklearn/gaussian_process/kernels.py:450: ConvergenceWarning: The optimal value found for dimension 0 of parameter k1__k2__length_scale is close to the specified upper bound 500.0. Increasing the bound and calling fit again may find a better value.
  warnings.warn(
/usr/local/lib/python3.11/dist-packages/sklearn/gaussian_process/kernels.py:440: ConvergenceWarning: The optimal value found for dimension 0 of parameter k1__k1__constant_value is close to the specified lower bound 1e-08. Decreasing the bound and calling fit again may find a better value.
  warnings.warn(
/usr/local/lib/python3.11/dist-packages/sklearn/gaussian_process/kernels.py:440: ConvergenceWarning: The optimal value found for dimension 0 of parameter k1__k2__length_scale is close to the specified lower bound 5.0. Decreasing the bound and calling fit again may find a better value.
  warnings.warn(
/usr/local/lib/python3.11/dist-packages/sklearn/gaussian_process/kernels.py:440: ConvergenceWarning: The optimal value found for dimension 0 of parameter k1__k2__length_scale is close to the specified lower bound 5.0. Decreasing the bound and calling fit again may find a better value.
  warnings.warn(
/usr/local/lib/python3.11/dist-packages/sklearn/gaussian_process/kernels.py:440: ConvergenceWarning: The optimal value found for dimension 0 of parameter k1__k1__constant_value is close to the specified lower bound 1e-08. Decreasing the bound and calling fit again may find a better value.
  warnings.warn(
/usr/local/lib/python3.11/dist-packages/sklearn/gaussian_process/kernels.py:440: ConvergenceWarning: The optimal value found for dimension 0 of parameter k1__k2__length_scale is close to the specified lower bound 5.0. Decreasing the bound and calling fit again may find a better value.
  warnings.warn(
/usr/local/lib/python3.11/dist-packages/sklearn/gaussian_process/kernels.py:440: ConvergenceWarning: The optimal value found for dimension 0 of parameter k1__k1__constant_value is close to the specified lower bound 1e-08. Decreasing the bound and calling fit again may find a better value.
  warnings.warn(
/usr/local/lib/python3.11/dist-packages/sklearn/gaussian_process/kernels.py:440: ConvergenceWarning: The optimal value found for dimension 0 of parameter k1__k2__length_scale is close to the specified lower bound 5.0. Decreasing the bound and calling fit again may find a better value.
  warnings.warn(
/usr/local/lib/python3.11/dist-packages/sklearn/gaussian_process/kernels.py:440: ConvergenceWarning: The optimal value found for dimension 0 of parameter k1__k1__constant_value is close to the specified lower bound 1e-08. Decreasing the bound and calling fit again may find a better value.
  warnings.warn(
/usr/local/lib/python3.11/dist-packages/sklearn/gaussian_process/kernels.py:440: ConvergenceWarning: The optimal value found for dimension 0 of parameter k2__noise_level is close to the specified lower bound 1e-08. Decreasing the bound and calling fit again may find a better value.
  warnings.warn(
/usr/local/lib/python3.11/dist-packages/sklearn/gaussian_process/kernels.py:440: ConvergenceWarning: The optimal value found for dimension 0 of parameter k1__k1__constant_value is close to the specified lower bound 1e-08. Decreasing the bound and calling fit again may find a better value.
  warnings.warn(
/usr/local/lib/python3.11/dist-packages/sklearn/gaussian_process/kernels.py:440: ConvergenceWarning: The optimal value found for dimension 0 of parameter k1__k2__length_scale is close to the specified lower bound 5.0. Decreasing the bound and calling fit again may find a better value.
  warnings.warn(
/usr/local/lib/python3.11/dist-packages/sklearn/gaussian_process/kernels.py:440: ConvergenceWarning: The optimal value found for dimension 0 of parameter k1__k1__constant_value is close to the specified lower bound 1e-08. Decreasing the bound and calling fit again may find a better value.
  warnings.warn(
/usr/local/lib/python3.11/dist-packages/sklearn/gaussian_process/kernels.py:440: ConvergenceWarning: The optimal value found for dimension 0 of parameter k1__k2__length_scale is close to the specified lower bound 5.0. Decreasing the bound and calling fit again may find a better value.
  warnings.warn(
/usr/local/lib/python3.11/dist-packages/sklearn/gaussian_process/kernels.py:440: ConvergenceWarning: The optimal value found for dimension 0 of parameter k1__k2__length_scale is close to the specified lower bound 5.0. Decreasing the bound and calling fit again may find a better value.
  warnings.warn(
/usr/local/lib/python3.11/dist-packages/sklearn/gaussian_process/kernels.py:440: ConvergenceWarning: The optimal value found for dimension 0 of parameter k1__k1__constant_value is close to the specified lower bound 1e-08. Decreasing the bound and calling fit again may find a better value.
  warnings.warn(
/usr/local/lib/python3.11/dist-packages/sklearn/gaussian_process/kernels.py:440: ConvergenceWarning: The optimal value found for dimension 0 of parameter k1__k1__constant_value is close to the specified lower bound 1e-08. Decreasing the bound and calling fit again may find a better value.
  warnings.warn(
/usr/local/lib/python3.11/dist-packages/sklearn/gaussian_process/kernels.py:440: ConvergenceWarning: The optimal value found for dimension 0 of parameter k1__k2__length_scale is close to the specified lower bound 5.0. Decreasing the bound and calling fit again may find a better value.
  warnings.warn(
/usr/local/lib/python3.11/dist-packages/sklearn/gaussian_process/kernels.py:440: ConvergenceWarning: The optimal value found for dimension 0 of parameter k1__k1__constant_value is close to the specified lower bound 1e-08. Decreasing the bound and calling fit again may find a better value.
  warnings.warn(
/usr/local/lib/python3.11/dist-packages/sklearn/gaussian_process/kernels.py:450: ConvergenceWarning: The optimal value found for dimension 0 of parameter k1__k2__length_scale is close to the specified upper bound 500.0. Increasing the bound and calling fit again may find a better value.
  warnings.warn(
/usr/local/lib/python3.11/dist-packages/sklearn/gaussian_process/kernels.py:440: ConvergenceWarning: The optimal value found for dimension 0 of parameter k1__k1__constant_value is close to the specified lower bound 1e-08. Decreasing the bound and calling fit again may find a better value.
  warnings.warn(
/usr/local/lib/python3.11/dist-packages/sklearn/gaussian_process/kernels.py:440: ConvergenceWarning: The optimal value found for dimension 0 of parameter k1__k2__length_scale is close to the specified lower bound 5.0. Decreasing the bound and calling fit again may find a better value.
  warnings.warn(
/usr/local/lib/python3.11/dist-packages/sklearn/gaussian_process/kernels.py:440: ConvergenceWarning: The optimal value found for dimension 0 of parameter k1__k1__constant_value is close to the specified lower bound 1e-08. Decreasing the bound and calling fit again may find a better value.
  warnings.warn(
/usr/local/lib/python3.11/dist-packages/sklearn/gaussian_process/kernels.py:440: ConvergenceWarning: The optimal value found for dimension 0 of parameter k1__k2__length_scale is close to the specified lower bound 5.0. Decreasing the bound and calling fit again may find a better value.
  warnings.warn(
/usr/local/lib/python3.11/dist-packages/sklearn/gaussian_process/kernels.py:440: ConvergenceWarning: The optimal value found for dimension 0 of parameter k1__k2__length_scale is close to the specified lower bound 5.0. Decreasing the bound and calling fit again may find a better value.
  warnings.warn(
/usr/local/lib/python3.11/dist-packages/sklearn/gaussian_process/kernels.py:440: ConvergenceWarning: The optimal value found for dimension 0 of parameter k1__k1__constant_value is close to the specified lower bound 1e-08. Decreasing the bound and calling fit again may find a better value.
  warnings.warn(
/usr/local/lib/python3.11/dist-packages/sklearn/gaussian_process/kernels.py:440: ConvergenceWarning: The optimal value found for dimension 0 of parameter k1__k2__length_scale is close to the specified lower bound 5.0. Decreasing the bound and calling fit again may find a better value.
  warnings.warn(
/usr/local/lib/python3.11/dist-packages/sklearn/gaussian_process/kernels.py:440: ConvergenceWarning: The optimal value found for dimension 0 of parameter k1__k1__constant_value is close to the specified lower bound 1e-08. Decreasing the bound and calling fit again may find a better value.
  warnings.warn(
/usr/local/lib/python3.11/dist-packages/sklearn/gaussian_process/kernels.py:440: ConvergenceWarning: The optimal value found for dimension 0 of parameter k1__k2__length_scale is close to the specified lower bound 5.0. Decreasing the bound and calling fit again may find a better value.
  warnings.warn(
/usr/local/lib/python3.11/dist-packages/sklearn/gaussian_process/kernels.py:440: ConvergenceWarning: The optimal value found for dimension 0 of parameter k1__k1__constant_value is close to the specified lower bound 1e-08. Decreasing the bound and calling fit again may find a better value.
  warnings.warn(
/usr/local/lib/python3.11/dist-packages/sklearn/gaussian_process/kernels.py:440: ConvergenceWarning: The optimal value found for dimension 0 of parameter k1__k2__length_scale is close to the specified lower bound 5.0. Decreasing the bound and calling fit again may find a better value.
  warnings.warn(
/usr/local/lib/python3.11/dist-packages/sklearn/gaussian_process/kernels.py:440: ConvergenceWarning: The optimal value found for dimension 0 of parameter k1__k1__constant_value is close to the specified lower bound 1e-08. Decreasing the bound and calling fit again may find a better value.
  warnings.warn(
/usr/local/lib/python3.11/dist-packages/sklearn/gaussian_process/kernels.py:440: ConvergenceWarning: The optimal value found for dimension 0 of parameter k1__k1__constant_value is close to the specified lower bound 1e-08. Decreasing the bound and calling fit again may find a better value.
  warnings.warn(
/usr/local/lib/python3.11/dist-packages/sklearn/gaussian_process/kernels.py:440: ConvergenceWarning: The optimal value found for dimension 0 of parameter k1__k2__length_scale is close to the specified lower bound 5.0. Decreasing the bound and calling fit again may find a better value.
  warnings.warn(
/usr/local/lib/python3.11/dist-packages/sklearn/gaussian_process/kernels.py:440: ConvergenceWarning: The optimal value found for dimension 0 of parameter k1__k1__constant_value is close to the specified lower bound 1e-08. Decreasing the bound and calling fit again may find a better value.
  warnings.warn(
240 done 4203s
/usr/local/lib/python3.11/dist-packages/sklearn/gaussian_process/kernels.py:440: ConvergenceWarning: The optimal value found for dimension 0 of parameter k1__k1__constant_value is close to the specified lower bound 1e-08. Decreasing the bound and calling fit again may find a better value.
  warnings.warn(
/usr/local/lib/python3.11/dist-packages/sklearn/gaussian_process/kernels.py:440: ConvergenceWarning: The optimal value found for dimension 0 of parameter k1__k1__constant_value is close to the specified lower bound 1e-08. Decreasing the bound and calling fit again may find a better value.
  warnings.warn(
/usr/local/lib/python3.11/dist-packages/sklearn/gaussian_process/kernels.py:450: ConvergenceWarning: The optimal value found for dimension 0 of parameter k1__k2__length_scale is close to the specified upper bound 500.0. Increasing the bound and calling fit again may find a better value.
  warnings.warn(
/usr/local/lib/python3.11/dist-packages/sklearn/gaussian_process/kernels.py:440: ConvergenceWarning: The optimal value found for dimension 0 of parameter k1__k1__constant_value is close to the specified lower bound 1e-08. Decreasing the bound and calling fit again may find a better value.
  warnings.warn(
/usr/local/lib/python3.11/dist-packages/sklearn/gaussian_process/kernels.py:440: ConvergenceWarning: The optimal value found for dimension 0 of parameter k1__k2__length_scale is close to the specified lower bound 5.0. Decreasing the bound and calling fit again may find a better value.
  warnings.warn(
/usr/local/lib/python3.11/dist-packages/sklearn/gaussian_process/kernels.py:440: ConvergenceWarning: The optimal value found for dimension 0 of parameter k1__k1__constant_value is close to the specified lower bound 1e-08. Decreasing the bound and calling fit again may find a better value.
  warnings.warn(
/usr/local/lib/python3.11/dist-packages/sklearn/gaussian_process/kernels.py:450: ConvergenceWarning: The optimal value found for dimension 0 of parameter k1__k2__length_scale is close to the specified upper bound 500.0. Increasing the bound and calling fit again may find a better value.
  warnings.warn(
/usr/local/lib/python3.11/dist-packages/sklearn/gaussian_process/kernels.py:440: ConvergenceWarning: The optimal value found for dimension 0 of parameter k1__k1__constant_value is close to the specified lower bound 1e-08. Decreasing the bound and calling fit again may find a better value.
  warnings.warn(
/usr/local/lib/python3.11/dist-packages/sklearn/gaussian_process/kernels.py:450: ConvergenceWarning: The optimal value found for dimension 0 of parameter k1__k2__length_scale is close to the specified upper bound 500.0. Increasing the bound and calling fit again may find a better value.
  warnings.warn(
/usr/local/lib/python3.11/dist-packages/sklearn/gaussian_process/kernels.py:440: ConvergenceWarning: The optimal value found for dimension 0 of parameter k1__k1__constant_value is close to the specified lower bound 1e-08. Decreasing the bound and calling fit again may find a better value.
  warnings.warn(
/usr/local/lib/python3.11/dist-packages/sklearn/gaussian_process/kernels.py:440: ConvergenceWarning: The optimal value found for dimension 0 of parameter k1__k1__constant_value is close to the specified lower bound 1e-08. Decreasing the bound and calling fit again may find a better value.
  warnings.warn(
/usr/local/lib/python3.11/dist-packages/sklearn/gaussian_process/kernels.py:450: ConvergenceWarning: The optimal value found for dimension 0 of parameter k1__k2__length_scale is close to the specified upper bound 500.0. Increasing the bound and calling fit again may find a better value.
  warnings.warn(
/usr/local/lib/python3.11/dist-packages/sklearn/gaussian_process/kernels.py:440: ConvergenceWarning: The optimal value found for dimension 0 of parameter k1__k1__constant_value is close to the specified lower bound 1e-08. Decreasing the bound and calling fit again may find a better value.
  warnings.warn(
/usr/local/lib/python3.11/dist-packages/sklearn/gaussian_process/kernels.py:440: ConvergenceWarning: The optimal value found for dimension 0 of parameter k1__k1__constant_value is close to the specified lower bound 1e-08. Decreasing the bound and calling fit again may find a better value.
  warnings.warn(
/usr/local/lib/python3.11/dist-packages/sklearn/gaussian_process/kernels.py:450: ConvergenceWarning: The optimal value found for dimension 0 of parameter k1__k2__length_scale is close to the specified upper bound 500.0. Increasing the bound and calling fit again may find a better value.
  warnings.warn(
/usr/local/lib/python3.11/dist-packages/sklearn/gaussian_process/kernels.py:440: ConvergenceWarning: The optimal value found for dimension 0 of parameter k1__k1__constant_value is close to the specified lower bound 1e-08. Decreasing the bound and calling fit again may find a better value.
  warnings.warn(
/usr/local/lib/python3.11/dist-packages/sklearn/gaussian_process/kernels.py:440: ConvergenceWarning: The optimal value found for dimension 0 of parameter k1__k2__length_scale is close to the specified lower bound 5.0. Decreasing the bound and calling fit again may find a better value.
  warnings.warn(
/usr/local/lib/python3.11/dist-packages/sklearn/gaussian_process/kernels.py:440: ConvergenceWarning: The optimal value found for dimension 0 of parameter k1__k1__constant_value is close to the specified lower bound 1e-08. Decreasing the bound and calling fit again may find a better value.
  warnings.warn(
/usr/local/lib/python3.11/dist-packages/sklearn/gaussian_process/kernels.py:440: ConvergenceWarning: The optimal value found for dimension 0 of parameter k1__k1__constant_value is close to the specified lower bound 1e-08. Decreasing the bound and calling fit again may find a better value.
  warnings.warn(
/usr/local/lib/python3.11/dist-packages/sklearn/gaussian_process/kernels.py:440: ConvergenceWarning: The optimal value found for dimension 0 of parameter k1__k1__constant_value is close to the specified lower bound 1e-08. Decreasing the bound and calling fit again may find a better value.
  warnings.warn(
/usr/local/lib/python3.11/dist-packages/sklearn/gaussian_process/kernels.py:440: ConvergenceWarning: The optimal value found for dimension 0 of parameter k1__k1__constant_value is close to the specified lower bound 1e-08. Decreasing the bound and calling fit again may find a better value.
  warnings.warn(
/usr/local/lib/python3.11/dist-packages/sklearn/gaussian_process/kernels.py:450: ConvergenceWarning: The optimal value found for dimension 0 of parameter k1__k2__length_scale is close to the specified upper bound 500.0. Increasing the bound and calling fit again may find a better value.
  warnings.warn(
/usr/local/lib/python3.11/dist-packages/sklearn/gaussian_process/kernels.py:440: ConvergenceWarning: The optimal value found for dimension 0 of parameter k1__k1__constant_value is close to the specified lower bound 1e-08. Decreasing the bound and calling fit again may find a better value.
  warnings.warn(
/usr/local/lib/python3.11/dist-packages/sklearn/gaussian_process/kernels.py:450: ConvergenceWarning: The optimal value found for dimension 0 of parameter k1__k2__length_scale is close to the specified upper bound 500.0. Increasing the bound and calling fit again may find a better value.
  warnings.warn(
/usr/local/lib/python3.11/dist-packages/sklearn/gaussian_process/kernels.py:440: ConvergenceWarning: The optimal value found for dimension 0 of parameter k1__k1__constant_value is close to the specified lower bound 1e-08. Decreasing the bound and calling fit again may find a better value.
  warnings.warn(
/usr/local/lib/python3.11/dist-packages/sklearn/gaussian_process/kernels.py:440: ConvergenceWarning: The optimal value found for dimension 0 of parameter k1__k2__length_scale is close to the specified lower bound 5.0. Decreasing the bound and calling fit again may find a better value.
  warnings.warn(
/usr/local/lib/python3.11/dist-packages/sklearn/gaussian_process/kernels.py:440: ConvergenceWarning: The optimal value found for dimension 0 of parameter k1__k1__constant_value is close to the specified lower bound 1e-08. Decreasing the bound and calling fit again may find a better value.
  warnings.warn(
/usr/local/lib/python3.11/dist-packages/sklearn/gaussian_process/kernels.py:440: ConvergenceWarning: The optimal value found for dimension 0 of parameter k1__k2__length_scale is close to the specified lower bound 5.0. Decreasing the bound and calling fit again may find a better value.
  warnings.warn(
/usr/local/lib/python3.11/dist-packages/sklearn/gaussian_process/kernels.py:440: ConvergenceWarning: The optimal value found for dimension 0 of parameter k1__k2__length_scale is close to the specified lower bound 5.0. Decreasing the bound and calling fit again may find a better value.
  warnings.warn(
/usr/local/lib/python3.11/dist-packages/sklearn/gaussian_process/kernels.py:440: ConvergenceWarning: The optimal value found for dimension 0 of parameter k1__k1__constant_value is close to the specified lower bound 1e-08. Decreasing the bound and calling fit again may find a better value.
  warnings.warn(
/usr/local/lib/python3.11/dist-packages/sklearn/gaussian_process/kernels.py:440: ConvergenceWarning: The optimal value found for dimension 0 of parameter k1__k1__constant_value is close to the specified lower bound 1e-08. Decreasing the bound and calling fit again may find a better value.
  warnings.warn(
/usr/local/lib/python3.11/dist-packages/sklearn/gaussian_process/kernels.py:440: ConvergenceWarning: The optimal value found for dimension 0 of parameter k1__k2__length_scale is close to the specified lower bound 5.0. Decreasing the bound and calling fit again may find a better value.
  warnings.warn(
/usr/local/lib/python3.11/dist-packages/sklearn/gaussian_process/kernels.py:440: ConvergenceWarning: The optimal value found for dimension 0 of parameter k1__k1__constant_value is close to the specified lower bound 1e-08. Decreasing the bound and calling fit again may find a better value.
  warnings.warn(
/usr/local/lib/python3.11/dist-packages/sklearn/gaussian_process/kernels.py:440: ConvergenceWarning: The optimal value found for dimension 0 of parameter k1__k2__length_scale is close to the specified lower bound 5.0. Decreasing the bound and calling fit again may find a better value.
  warnings.warn(
/usr/local/lib/python3.11/dist-packages/sklearn/gaussian_process/kernels.py:440: ConvergenceWarning: The optimal value found for dimension 0 of parameter k1__k1__constant_value is close to the specified lower bound 1e-08. Decreasing the bound and calling fit again may find a better value.
  warnings.warn(
/usr/local/lib/python3.11/dist-packages/sklearn/gaussian_process/kernels.py:450: ConvergenceWarning: The optimal value found for dimension 0 of parameter k1__k2__length_scale is close to the specified upper bound 500.0. Increasing the bound and calling fit again may find a better value.
  warnings.warn(
/usr/local/lib/python3.11/dist-packages/sklearn/gaussian_process/kernels.py:440: ConvergenceWarning: The optimal value found for dimension 0 of parameter k1__k1__constant_value is close to the specified lower bound 1e-08. Decreasing the bound and calling fit again may find a better value.
  warnings.warn(
/usr/local/lib/python3.11/dist-packages/sklearn/gaussian_process/kernels.py:450: ConvergenceWarning: The optimal value found for dimension 0 of parameter k1__k2__length_scale is close to the specified upper bound 500.0. Increasing the bound and calling fit again may find a better value.
  warnings.warn(
/usr/local/lib/python3.11/dist-packages/sklearn/gaussian_process/kernels.py:440: ConvergenceWarning: The optimal value found for dimension 0 of parameter k1__k1__constant_value is close to the specified lower bound 1e-08. Decreasing the bound and calling fit again may find a better value.
  warnings.warn(
/usr/local/lib/python3.11/dist-packages/sklearn/gaussian_process/kernels.py:440: ConvergenceWarning: The optimal value found for dimension 0 of parameter k1__k1__constant_value is close to the specified lower bound 1e-08. Decreasing the bound and calling fit again may find a better value.
  warnings.warn(
/usr/local/lib/python3.11/dist-packages/sklearn/gaussian_process/kernels.py:440: ConvergenceWarning: The optimal value found for dimension 0 of parameter k1__k1__constant_value is close to the specified lower bound 1e-08. Decreasing the bound and calling fit again may find a better value.
  warnings.warn(
/usr/local/lib/python3.11/dist-packages/sklearn/gaussian_process/kernels.py:450: ConvergenceWarning: The optimal value found for dimension 0 of parameter k1__k2__length_scale is close to the specified upper bound 500.0. Increasing the bound and calling fit again may find a better value.
  warnings.warn(
270 done 4717s
stage2 total 4717s
